Residue,Phi,Psi,Region
HIS2,-63.09,-25.96,FAVORABLE
HIS3,-65.01,-26.28,FAVORABLE
HIS4,-70.81,-32.22,FAVORABLE
HIS5,-67.69,-37.51,FAVORABLE
HIS6,-63.24,-36.91,FAVORABLE
HIS7,-66.07,-34.39,FAVORABLE
GLY8,-64.83,-45.02,FAVORABLE
ILE9,-64.64,-46.18,FAVORABLE
ILE10,-60.14,-44.73,FAVORABLE
ASN11,-64.24,-35.93,FAVORABLE
THR12,-69.9,-43.67,FAVORABLE
LEU13,-60.74,-44.39,FAVORABLE
GLN14,-63.37,-40.72,FAVORABLE
LYS15,-63.76,-42.35,FAVORABLE
TYR16,-63.99,-46.6,FAVORABLE
TYR17,-60.86,-39.88,FAVORABLE
CYS18,-61.43,-44.77,FAVORABLE
ARG19,-66.31,-42.55,FAVORABLE
VAL20,-60.36,-37.9,FAVORABLE
ARG21,-79.82,10.49,FAVORABLE
GLY22,68.77,18.13,ALLOWED/OUTLIER
GLY23,-91.21,160.71,ALLOWED/OUTLIER
ARG24,-116.22,146.15,FAVORABLE
CYS25,-84.36,102.54,FAVORABLE
ALA26,-79.37,144.63,FAVORABLE
VAL27,-75.36,-46.58,FAVORABLE
LEU28,-109.06,-66.45,FAVORABLE
SER29,-141.18,162.7,ALLOWED/OUTLIER
CYS30,-74.39,150.28,FAVORABLE
LEU31,-68.34,160.01,ALLOWED/OUTLIER
PRO32,-56.63,-31.46,FAVORABLE
LYS33,-84.4,2.16,FAVORABLE
GLU34,-114.44,155.27,FAVORABLE
GLU35,-115.98,148.42,FAVORABLE
GLN36,-82.28,114.13,FAVORABLE
ILE37,-104.56,6.84,FAVORABLE
GLY38,158.16,-161.79,ALLOWED/OUTLIER
LYS39,-121.31,139.18,FAVORABLE
CYS40,-94.65,-13.64,FAVORABLE
SER41,-158.12,161.49,ALLOWED/OUTLIER
THR42,-65.72,-22.03,FAVORABLE
ARG43,-85.44,22.23,FAVORABLE
GLY44,87.51,3.5,ALLOWED/OUTLIER
ARG45,-62.78,126.02,FAVORABLE
LYS46,-92.46,138.69,FAVORABLE
CYS47,-85.87,115.0,FAVORABLE
CYS48,-116.99,135.27,FAVORABLE
ARG49,-129.43,144.45,FAVORABLE
ARG50,-63.56,130.56,FAVORABLE
LYS51,-56.12,-49.93,FAVORABLE
LYS52,-94.14,-66.18,FAVORABLE
GLU53,-63.8,-37.55,FAVORABLE
ALA54,-75.04,-30.84,FAVORABLE
ALA55,-65.71,-47.89,FAVORABLE
ALA56,-60.51,-44.74,FAVORABLE
LYS57,-65.22,-35.28,FAVORABLE
TYR58,-69.47,-44.53,FAVORABLE
VAL59,-61.34,-44.78,FAVORABLE
ASP60,-61.86,-43.02,FAVORABLE
ARG61,-63.89,-39.09,FAVORABLE
PHE62,-65.81,-43.14,FAVORABLE
TYR63,-60.31,-46.77,FAVORABLE
LYS64,-58.82,-36.13,FAVORABLE
THR65,-70.37,-41.64,FAVORABLE
LEU66,-63.53,-41.28,FAVORABLE
GLU67,-66.12,-40.01,FAVORABLE
ALA68,-64.79,-41.68,FAVORABLE
ALA69,-63.51,-43.1,FAVORABLE
ALA70,-63.04,-39.74,FAVORABLE
LYS71,-60.82,-46.46,FAVORABLE
ASN72,-62.4,-41.12,FAVORABLE
ILE73,-61.67,-44.71,FAVORABLE
LYS74,-62.15,-40.72,FAVORABLE
GLU75,-66.28,-37.24,FAVORABLE
TYR76,-67.59,-41.23,FAVORABLE
VAL77,-60.25,-42.8,FAVORABLE
TYR78,-61.25,-39.38,FAVORABLE
GLN79,-67.05,-37.77,FAVORABLE
LEU80,-66.21,-41.42,FAVORABLE
GLU81,-64.42,-40.95,FAVORABLE
ALA82,-63.41,-40.85,FAVORABLE
ALA83,-65.77,-41.11,FAVORABLE
ALA84,-62.17,-44.01,FAVORABLE
LYS85,-61.3,-38.63,FAVORABLE
PHE86,-63.52,-46.3,FAVORABLE
ILE87,-60.41,-45.69,FAVORABLE
ASP88,-62.05,-43.72,FAVORABLE
SER89,-62.58,-31.86,FAVORABLE
TYR90,-75.47,-39.14,FAVORABLE
LEU91,-63.33,-42.3,FAVORABLE
GLN92,-59.78,-38.52,FAVORABLE
LYS93,-66.53,-38.9,FAVORABLE
LEU94,-66.34,-42.6,FAVORABLE
GLU95,-62.42,-41.68,FAVORABLE
ALA96,-62.97,-43.71,FAVORABLE
ALA97,-64.01,-41.8,FAVORABLE
ALA98,-64.04,-41.19,FAVORABLE
LYS99,-61.37,-41.27,FAVORABLE
ILE100,-64.03,-44.09,FAVORABLE
LEU101,-63.13,-44.5,FAVORABLE
LEU102,-62.58,-39.51,FAVORABLE
SER103,-70.48,-29.58,FAVORABLE
LYS104,-83.61,-22.02,FAVORABLE
ARG105,-56.5,-47.29,FAVORABLE
PRO106,-60.67,-38.4,FAVORABLE
SER107,-67.38,-38.41,FAVORABLE
LEU108,-68.41,-42.69,FAVORABLE
GLU109,-64.52,-41.9,FAVORABLE
ALA110,-64.76,-43.32,FAVORABLE
ALA111,-64.03,-43.91,FAVORABLE
ALA112,-62.18,-41.54,FAVORABLE
LYS113,-66.38,-44.57,FAVORABLE
ALA114,-62.58,-39.29,FAVORABLE
THR115,-66.69,-40.03,FAVORABLE
LEU116,-64.05,-43.54,FAVORABLE
GLU117,-63.93,-45.17,FAVORABLE
GLU118,-62.91,-38.84,FAVORABLE
MET119,-64.77,-43.22,FAVORABLE
MET120,-64.71,-38.83,FAVORABLE
THR121,-69.51,-38.56,FAVORABLE
ALA122,-67.79,-38.85,FAVORABLE
GLU123,-65.45,-39.64,FAVORABLE
ALA124,-66.02,-45.78,FAVORABLE
ALA125,-66.42,-34.56,FAVORABLE
ALA126,-68.35,-24.26,FAVORABLE
LYS127,-74.81,-27.07,FAVORABLE
ASP128,-99.5,-20.62,FAVORABLE
LEU129,-119.16,120.34,FAVORABLE
ASP130,-72.0,-22.38,FAVORABLE
ASP131,-93.25,40.08,FAVORABLE
VAL132,-83.22,-7.17,FAVORABLE
PRO133,-58.9,-42.05,FAVORABLE
SER134,-72.02,-35.71,FAVORABLE
VAL135,-71.29,-40.99,FAVORABLE
VAL136,-64.96,-39.87,FAVORABLE
GLU137,-67.94,-38.43,FAVORABLE
ALA138,-67.13,-42.55,FAVORABLE
ALA139,-64.32,-41.79,FAVORABLE
ALA140,-62.26,-42.2,FAVORABLE
LYS141,-61.64,-44.73,FAVORABLE
LYS142,-61.79,-44.87,FAVORABLE
MET143,-59.74,-39.47,FAVORABLE
CYS144,-62.29,-44.02,FAVORABLE
THR145,-64.43,-39.01,FAVORABLE
VAL146,-67.73,-40.84,FAVORABLE
SER147,-59.59,-47.54,FAVORABLE
ASP148,-60.96,-39.65,FAVORABLE
TYR149,-67.41,-40.93,FAVORABLE
VAL150,-65.99,-39.93,FAVORABLE
GLU151,-66.6,-40.72,FAVORABLE
ALA152,-63.93,-41.03,FAVORABLE
ALA153,-64.2,-42.65,FAVORABLE
ALA154,-62.07,-43.2,FAVORABLE
LYS155,-61.84,-39.8,FAVORABLE
SER156,-65.06,-42.57,FAVORABLE
ILE157,-62.93,-46.64,FAVORABLE
GLN158,-59.34,-41.8,FAVORABLE
THR159,-63.23,-40.11,FAVORABLE
THR160,-66.13,-42.57,FAVORABLE
VAL161,-61.42,-47.03,FAVORABLE
ASN162,-60.54,-36.56,FAVORABLE
THR163,-68.45,-40.99,FAVORABLE
LEU164,-62.45,-43.45,FAVORABLE
GLU165,-63.49,-40.66,FAVORABLE
ALA166,-63.53,-40.66,FAVORABLE
ALA167,-63.24,-45.52,FAVORABLE
ALA168,-60.92,-41.46,FAVORABLE
LYS169,-63.75,-42.43,FAVORABLE
ALA170,-63.19,-41.67,FAVORABLE
LEU171,-62.91,-42.7,FAVORABLE
MET172,-59.34,-47.04,FAVORABLE
GLN173,-61.64,-39.23,FAVORABLE
LEU174,-65.15,-41.63,FAVORABLE
THR175,-62.51,-44.95,FAVORABLE
THR176,-62.1,-40.14,FAVORABLE
LYS177,-66.59,-39.79,FAVORABLE
ALA178,-65.27,-41.08,FAVORABLE
GLU179,-64.45,-40.72,FAVORABLE
ALA180,-63.6,-39.99,FAVORABLE
ALA181,-64.08,-45.25,FAVORABLE
ALA182,-58.55,-44.24,FAVORABLE
LYS183,-62.72,-39.49,FAVORABLE
PHE184,-65.66,-39.17,FAVORABLE
ILE185,-71.41,-39.63,FAVORABLE
ASP186,-63.08,-41.44,FAVORABLE
ALA187,-64.96,-39.31,FAVORABLE
ALA188,-65.02,-40.93,FAVORABLE
ASN189,-63.64,-44.98,FAVORABLE
THR190,-59.27,-40.18,FAVORABLE
ASN191,-68.4,-36.49,FAVORABLE
ILE192,-68.05,-42.82,FAVORABLE
GLU193,-62.25,-44.52,FAVORABLE
ALA194,-62.54,-39.2,FAVORABLE
ALA195,-68.05,-43.25,FAVORABLE
ALA196,-60.53,-43.02,FAVORABLE
LYS197,-62.83,-43.14,FAVORABLE
THR198,-62.64,-38.6,FAVORABLE
VAL199,-68.07,-41.63,FAVORABLE
SER200,-61.86,-44.34,FAVORABLE
ASP201,-62.05,-40.07,FAVORABLE
TYR202,-68.78,-37.91,FAVORABLE
VAL203,-62.7,-43.85,FAVORABLE
SER204,-63.77,-39.92,FAVORABLE
GLU205,-66.1,-38.41,FAVORABLE
LEU206,-66.56,-40.45,FAVORABLE
GLU207,-64.09,-42.58,FAVORABLE
ALA208,-62.33,-45.51,FAVORABLE
ALA209,-66.24,-34.92,FAVORABLE
ALA210,-69.79,-33.88,FAVORABLE
LYS211,-66.09,-34.5,FAVORABLE
GLU212,-77.32,-32.46,FAVORABLE
LEU213,-89.61,63.36,FAVORABLE
HIS214,-48.83,-37.72,FAVORABLE
PRO215,-83.67,-36.21,FAVORABLE
ASP216,-91.32,78.21,FAVORABLE
LYS217,-42.21,-40.55,FAVORABLE
TRP218,-60.01,-35.36,FAVORABLE
THR219,-74.24,-33.0,FAVORABLE
VAL220,-73.22,-41.85,FAVORABLE
GLU221,-66.21,-39.47,FAVORABLE
ALA222,-67.28,-38.62,FAVORABLE
ALA223,-67.01,-40.05,FAVORABLE
ALA224,-68.17,-37.73,FAVORABLE
LYS225,-66.33,-40.42,FAVORABLE
ALA226,-65.38,-38.74,FAVORABLE
GLN227,-63.74,-27.14,FAVORABLE
HIS228,-83.73,-35.25,FAVORABLE
SER229,-78.5,-30.39,FAVORABLE
ILE230,-66.05,-50.2,FAVORABLE
PRO231,-61.36,-41.39,FAVORABLE
THR232,-63.78,-39.52,FAVORABLE
ASN233,-74.34,-33.84,FAVORABLE
VAL234,-68.3,-41.11,FAVORABLE
GLU235,-63.69,-40.6,FAVORABLE
ALA236,-64.34,-42.18,FAVORABLE
ALA237,-64.96,-41.49,FAVORABLE
ALA238,-64.32,-41.91,FAVORABLE
LYS239,-63.27,-39.64,FAVORABLE
HIS240,-65.24,-37.74,FAVORABLE
LEU241,-66.51,-45.8,FAVORABLE
ASP242,-62.16,-41.97,FAVORABLE
ASN243,-63.17,-38.46,FAVORABLE
SER244,-68.04,-38.39,FAVORABLE
ILE245,-63.86,-45.76,FAVORABLE
ARG246,-61.84,-39.89,FAVORABLE
LEU247,-63.53,-38.89,FAVORABLE
MET248,-71.31,-39.25,FAVORABLE
GLU249,-61.86,-39.53,FAVORABLE
ALA250,-63.76,-45.99,FAVORABLE
ALA251,-62.98,-40.74,FAVORABLE
ALA252,-65.43,-40.56,FAVORABLE
LYS253,-63.22,-42.7,FAVORABLE
SER254,-61.73,-45.46,FAVORABLE
LEU255,-60.44,-38.02,FAVORABLE
HIS256,-70.86,-34.2,FAVORABLE
GLN257,-65.67,-41.14,FAVORABLE
TYR258,-66.14,-28.06,FAVORABLE
LYS259,-65.12,-20.37,FAVORABLE
TRP260,-88.25,-15.61,FAVORABLE
TYR261,-93.82,-9.26,FAVORABLE
